{
  "recruiter" : {
    "transaction" : "recruiter",
    "sampleCount" : 100,
    "errorCount" : 0,
    "errorPct" : 0.0,
    "meanResTime" : 479.71999999999997,
    "medianResTime" : 464.0,
    "minResTime" : 382.0,
    "maxResTime" : 665.0,
    "pct1ResTime" : 557.7,
    "pct2ResTime" : 616.0999999999998,
    "pct3ResTime" : 664.5899999999998,
    "throughput" : 14.570887367040653,
    "receivedKBytesPerSec" : 39.587991084438286,
    "sentKBytesPerSec" : 6.830103453300306
  },
  "recruiter-0" : {
    "transaction" : "recruiter-0",
    "sampleCount" : 100,
    "errorCount" : 0,
    "errorPct" : 0.0,
    "meanResTime" : 150.31,
    "medianResTime" : 148.0,
    "minResTime" : 123.0,
    "maxResTime" : 207.0,
    "pct1ResTime" : 174.9,
    "pct2ResTime" : 183.89999999999998,
    "pct3ResTime" : 206.92999999999995,
    "throughput" : 15.295197308045273,
    "receivedKBytesPerSec" : 7.76380630544509,
    "sentKBytesPerSec" : 2.1508871214438665
  },
  "company-2" : {
    "transaction" : "company-2",
    "sampleCount" : 100,
    "errorCount" : 0,
    "errorPct" : 0.0,
    "meanResTime" : 163.87000000000003,
    "medianResTime" : 151.0,
    "minResTime" : 124.0,
    "maxResTime" : 295.0,
    "pct1ResTime" : 208.50000000000003,
    "pct2ResTime" : 252.89999999999998,
    "pct3ResTime" : 294.8499999999999,
    "throughput" : 15.121729925903523,
    "receivedKBytesPerSec" : 23.199450892182064,
    "sentKBytesPerSec" : 2.687651217299259
  },
  "recruiter-1" : {
    "transaction" : "recruiter-1",
    "sampleCount" : 100,
    "errorCount" : 0,
    "errorPct" : 0.0,
    "meanResTime" : 155.82000000000005,
    "medianResTime" : 150.5,
    "minResTime" : 119.0,
    "maxResTime" : 314.0,
    "pct1ResTime" : 179.60000000000002,
    "pct2ResTime" : 219.4999999999999,
    "pct3ResTime" : 313.4099999999997,
    "throughput" : 15.21838380763963,
    "receivedKBytesPerSec" : 10.274638325597323,
    "sentKBytesPerSec" : 2.140085222949323
  },
  "company-0" : {
    "transaction" : "company-0",
    "sampleCount" : 100,
    "errorCount" : 0,
    "errorPct" : 0.0,
    "meanResTime" : 151.4000000000001,
    "medianResTime" : 148.5,
    "minResTime" : 117.0,
    "maxResTime" : 208.0,
    "pct1ResTime" : 176.9,
    "pct2ResTime" : 183.95,
    "pct3ResTime" : 207.92999999999995,
    "throughput" : 15.16530178950561,
    "receivedKBytesPerSec" : 7.5647309580679405,
    "sentKBytesPerSec" : 1.9993317788898999
  },
  "company-1" : {
    "transaction" : "company-1",
    "sampleCount" : 100,
    "errorCount" : 0,
    "errorPct" : 0.0,
    "meanResTime" : 160.42999999999992,
    "medianResTime" : 157.0,
    "minResTime" : 120.0,
    "maxResTime" : 232.0,
    "pct1ResTime" : 199.60000000000002,
    "pct2ResTime" : 203.0,
    "pct3ResTime" : 232.0,
    "throughput" : 15.117157974300833,
    "receivedKBytesPerSec" : 9.909710411942555,
    "sentKBytesPerSec" : 1.992984693877551
  },
  "All Pages-1" : {
    "transaction" : "All Pages-1",
    "sampleCount" : 100,
    "errorCount" : 0,
    "errorPct" : 0.0,
    "meanResTime" : 885.0399999999996,
    "medianResTime" : 160.0,
    "minResTime" : 121.0,
    "maxResTime" : 4037.0,
    "pct1ResTime" : 3894.3,
    "pct2ResTime" : 3916.9,
    "pct3ResTime" : 4036.0199999999995,
    "throughput" : 9.167583425009166,
    "receivedKBytesPerSec" : 5.616845864273928,
    "sentKBytesPerSec" : 1.0653734644297763
  },
  "All Pages-0" : {
    "transaction" : "All Pages-0",
    "sampleCount" : 100,
    "errorCount" : 0,
    "errorPct" : 0.0,
    "meanResTime" : 192.26999999999998,
    "medianResTime" : 156.0,
    "minResTime" : 112.0,
    "maxResTime" : 545.0,
    "pct1ResTime" : 297.20000000000005,
    "pct2ResTime" : 519.6499999999992,
    "pct3ResTime" : 544.8,
    "throughput" : 8.846426043878273,
    "receivedKBytesPerSec" : 4.274447927724699,
    "sentKBytesPerSec" : 1.0280514640835103
  },
  "All Pages-2" : {
    "transaction" : "All Pages-2",
    "sampleCount" : 100,
    "errorCount" : 0,
    "errorPct" : 0.0,
    "meanResTime" : 292.75999999999993,
    "medianResTime" : 157.5,
    "minResTime" : 121.0,
    "maxResTime" : 940.0,
    "pct1ResTime" : 849.0,
    "pct2ResTime" : 896.9,
    "pct3ResTime" : 939.91,
    "throughput" : 13.987970345502868,
    "receivedKBytesPerSec" : 21.460059973422855,
    "sentKBytesPerSec" : 2.185620366484823
  },
  "All Pages" : {
    "transaction" : "All Pages",
    "sampleCount" : 100,
    "errorCount" : 0,
    "errorPct" : 0.0,
    "meanResTime" : 1372.3600000000004,
    "medianResTime" : 468.0,
    "minResTime" : 394.0,
    "maxResTime" : 5346.0,
    "pct1ResTime" : 5010.900000000001,
    "pct2ResTime" : 5270.349999999999,
    "pct3ResTime" : 5345.95,
    "throughput" : 8.632596685082873,
    "receivedKBytesPerSec" : 22.70415079527797,
    "sentKBytesPerSec" : 3.355247539709945
  },
  "recruiter-2" : {
    "transaction" : "recruiter-2",
    "sampleCount" : 100,
    "errorCount" : 0,
    "errorPct" : 0.0,
    "meanResTime" : 173.06000000000006,
    "medianResTime" : 157.5,
    "minResTime" : 127.0,
    "maxResTime" : 337.0,
    "pct1ResTime" : 247.70000000000007,
    "pct2ResTime" : 308.84999999999997,
    "pct3ResTime" : 336.7999999999999,
    "throughput" : 15.225334957369062,
    "receivedKBytesPerSec" : 23.358399626979296,
    "sentKBytesPerSec" : 2.8547503045066995
  },
  "Total" : {
    "transaction" : "Total",
    "sampleCount" : 1200,
    "errorCount" : 0,
    "errorPct" : 0.0,
    "meanResTime" : 387.77083333333303,
    "medianResTime" : 164.0,
    "minResTime" : 112.0,
    "maxResTime" : 5346.0,
    "pct1ResTime" : 509.9000000000001,
    "pct2ResTime" : 683.0500000000009,
    "pct3ResTime" : 4914.84,
    "throughput" : 95.33645825057599,
    "receivedKBytesPerSec" : 127.67932067808056,
    "sentKBytesPerSec" : 20.637612218956065
  },
  "company" : {
    "transaction" : "company",
    "sampleCount" : 100,
    "errorCount" : 0,
    "errorPct" : 0.0,
    "meanResTime" : 476.2099999999999,
    "medianResTime" : 468.0,
    "minResTime" : 391.0,
    "maxResTime" : 643.0,
    "pct1ResTime" : 527.8,
    "pct2ResTime" : 569.0499999999997,
    "pct3ResTime" : 642.8299999999999,
    "throughput" : 14.394702749388225,
    "receivedKBytesPerSec" : 38.70052383222974,
    "sentKBytesPerSec" : 6.353911760472146
  }
}