{
  "Reservation" : {
    "transaction" : "Reservation",
    "sampleCount" : 10,
    "errorCount" : 0,
    "errorPct" : 0.0,
    "meanResTime" : 1299.9,
    "medianResTime" : 1222.5,
    "minResTime" : 964.0,
    "maxResTime" : 2009.0,
    "pct1ResTime" : 1981.4,
    "pct2ResTime" : 2009.0,
    "pct3ResTime" : 2009.0,
    "throughput" : 0.43565391652870955,
    "receivedKBytesPerSec" : 1.3494635330443496,
    "sentKBytesPerSec" : 0.5249970048793239
  },
  "/-18" : {
    "transaction" : "/-18",
    "sampleCount" : 63,
    "errorCount" : 0,
    "errorPct" : 0.0,
    "meanResTime" : 707.2539682539681,
    "medianResTime" : 558.0,
    "minResTime" : 431.0,
    "maxResTime" : 2706.0,
    "pct1ResTime" : 856.4,
    "pct2ResTime" : 2308.9999999999995,
    "pct3ResTime" : 2706.0,
    "throughput" : 2.5797469391097825,
    "receivedKBytesPerSec" : 3.5123619272347573,
    "sentKBytesPerSec" : 0.8515180326358462
  },
  "Total" : {
    "transaction" : "Total",
    "sampleCount" : 196,
    "errorCount" : 0,
    "errorPct" : 0.0,
    "meanResTime" : 641.1989795918364,
    "medianResTime" : 566.5,
    "minResTime" : 431.0,
    "maxResTime" : 2706.0,
    "pct1ResTime" : 812.2,
    "pct2ResTime" : 884.3499999999966,
    "pct3ResTime" : 2470.2900000000004,
    "throughput" : 7.543974442862091,
    "receivedKBytesPerSec" : 11.127497618451946,
    "sentKBytesPerSec" : 3.855168500538855
  },
  "/confirmation.php-26" : {
    "transaction" : "/confirmation.php-26",
    "sampleCount" : 62,
    "errorCount" : 0,
    "errorPct" : 0.0,
    "meanResTime" : 638.0645161290324,
    "medianResTime" : 604.5,
    "minResTime" : 452.0,
    "maxResTime" : 1253.0,
    "pct1ResTime" : 807.7,
    "pct2ResTime" : 845.3499999999999,
    "pct3ResTime" : 1253.0,
    "throughput" : 2.758743436860372,
    "receivedKBytesPerSec" : 3.9501809730132598,
    "sentKBytesPerSec" : 1.7834845265640296
  },
  "/purchase.php-25" : {
    "transaction" : "/purchase.php-25",
    "sampleCount" : 64,
    "errorCount" : 0,
    "errorPct" : 0.0,
    "meanResTime" : 578.1875,
    "medianResTime" : 528.0,
    "minResTime" : 445.0,
    "maxResTime" : 1011.0,
    "pct1ResTime" : 753.5,
    "pct2ResTime" : 832.0,
    "pct3ResTime" : 1011.0,
    "throughput" : 2.8888688272998104,
    "receivedKBytesPerSec" : 4.711206568226957,
    "sentKBytesPerSec" : 1.6137040714995035
  },
  "/reserve.php-24" : {
    "transaction" : "/reserve.php-24",
    "sampleCount" : 7,
    "errorCount" : 0,
    "errorPct" : 0.0,
    "meanResTime" : 650.5714285714286,
    "medianResTime" : 600.0,
    "minResTime" : 441.0,
    "maxResTime" : 1081.0,
    "pct1ResTime" : 1081.0,
    "pct2ResTime" : 1081.0,
    "pct3ResTime" : 1081.0,
    "throughput" : 2.2928267278087127,
    "receivedKBytesPerSec" : 3.334322797248608,
    "sentKBytesPerSec" : 1.157608806911235
  }
}