{
  "Flight Search" : {
    "transaction" : "Flight Search",
    "sampleCount" : 211,
    "errorCount" : 0,
    "errorPct" : 0.0,
    "meanResTime" : 8447.398104265407,
    "medianResTime" : 8406.0,
    "minResTime" : 6369.0,
    "maxResTime" : 10351.0,
    "pct1ResTime" : 9508.2,
    "pct2ResTime" : 9847.0,
    "pct3ResTime" : 10324.72,
    "throughput" : 2.492616656822209,
    "receivedKBytesPerSec" : 31.35003276358535,
    "sentKBytesPerSec" : 7.823505795924394
  },
  "/cgi-bin/welcome.pl-16" : {
    "transaction" : "/cgi-bin/welcome.pl-16",
    "sampleCount" : 300,
    "errorCount" : 0,
    "errorPct" : 0.0,
    "meanResTime" : 1531.5699999999997,
    "medianResTime" : 1517.5,
    "minResTime" : 728.0,
    "maxResTime" : 3138.0,
    "pct1ResTime" : 1909.8000000000002,
    "pct2ResTime" : 2080.45,
    "pct3ResTime" : 2357.4500000000007,
    "throughput" : 3.7847248505033684,
    "receivedKBytesPerSec" : 3.115769805149749,
    "sentKBytesPerSec" : 1.9404106899553402
  },
  "/cgi-bin/welcome.pl-24" : {
    "transaction" : "/cgi-bin/welcome.pl-24",
    "sampleCount" : 100,
    "errorCount" : 0,
    "errorPct" : 0.0,
    "meanResTime" : 1572.5200000000002,
    "medianResTime" : 1554.5,
    "minResTime" : 762.0,
    "maxResTime" : 2355.0,
    "pct1ResTime" : 1912.7,
    "pct2ResTime" : 2043.9,
    "pct3ResTime" : 2354.0699999999997,
    "throughput" : 1.584208608589579,
    "receivedKBytesPerSec" : 1.6894099615037308,
    "sentKBytesPerSec" : 0.8833819487350094
  },
  "/cgi-bin/reservations.pl-18" : {
    "transaction" : "/cgi-bin/reservations.pl-18",
    "sampleCount" : 300,
    "errorCount" : 0,
    "errorPct" : 0.0,
    "meanResTime" : 1761.4200000000003,
    "medianResTime" : 1744.0,
    "minResTime" : 926.0,
    "maxResTime" : 3409.0,
    "pct1ResTime" : 2242.000000000001,
    "pct2ResTime" : 2400.1499999999996,
    "pct3ResTime" : 2788.9500000000007,
    "throughput" : 3.72079178449174,
    "receivedKBytesPerSec" : 16.42380748623307,
    "sentKBytesPerSec" : 1.9221668496055961
  },
  "/cgi-bin/welcome.pl-11" : {
    "transaction" : "/cgi-bin/welcome.pl-11",
    "sampleCount" : 200,
    "errorCount" : 0,
    "errorPct" : 0.0,
    "meanResTime" : 1571.4299999999994,
    "medianResTime" : 1567.0,
    "minResTime" : 607.0,
    "maxResTime" : 2464.0,
    "pct1ResTime" : 1959.6,
    "pct2ResTime" : 2078.8,
    "pct3ResTime" : 2419.98,
    "throughput" : 1.9845995078193224,
    "receivedKBytesPerSec" : 2.116389318885449,
    "sentKBytesPerSec" : 0.968073685698976
  },
  "Flight Search-2" : {
    "transaction" : "Flight Search-2",
    "sampleCount" : 89,
    "errorCount" : 0,
    "errorPct" : 0.0,
    "meanResTime" : 8351.47191011236,
    "medianResTime" : 8321.0,
    "minResTime" : 6776.0,
    "maxResTime" : 9909.0,
    "pct1ResTime" : 9392.0,
    "pct2ResTime" : 9549.0,
    "pct3ResTime" : 9909.0,
    "throughput" : 1.1526257851453734,
    "receivedKBytesPerSec" : 14.496745592663341,
    "sentKBytesPerSec" : 3.617714134235576
  },
  "Login" : {
    "transaction" : "Login",
    "sampleCount" : 200,
    "errorCount" : 0,
    "errorPct" : 0.0,
    "meanResTime" : 7634.819999999997,
    "medianResTime" : 7615.0,
    "minResTime" : 5929.0,
    "maxResTime" : 9637.0,
    "pct1ResTime" : 8591.0,
    "pct2ResTime" : 8833.6,
    "pct3ResTime" : 9107.09,
    "throughput" : 1.876753591637186,
    "receivedKBytesPerSec" : 12.674501428678672,
    "sentKBytesPerSec" : 4.698298664220632
  },
  "/cgi-bin/login.pl-14" : {
    "transaction" : "/cgi-bin/login.pl-14",
    "sampleCount" : 200,
    "errorCount" : 0,
    "errorPct" : 0.0,
    "meanResTime" : 1536.2600000000007,
    "medianResTime" : 1510.0,
    "minResTime" : 835.0,
    "maxResTime" : 2727.0,
    "pct1ResTime" : 1958.2,
    "pct2ResTime" : 2082.65,
    "pct3ResTime" : 2234.83,
    "throughput" : 1.9739439399921042,
    "receivedKBytesPerSec" : 2.224706144517371,
    "sentKBytesPerSec" : 0.464570790564548
  },
  "/cgi-bin/reservations.pl-21" : {
    "transaction" : "/cgi-bin/reservations.pl-21",
    "sampleCount" : 300,
    "errorCount" : 0,
    "errorPct" : 0.0,
    "meanResTime" : 1782.5066666666667,
    "medianResTime" : 1763.0,
    "minResTime" : 766.0,
    "maxResTime" : 2599.0,
    "pct1ResTime" : 2240.8,
    "pct2ResTime" : 2373.85,
    "pct3ResTime" : 2466.0,
    "throughput" : 3.7671404892259783,
    "receivedKBytesPerSec" : 11.202092568059673,
    "sentKBytesPerSec" : 2.7959245818474057
  },
  "/cgi-bin/reservations.pl-22" : {
    "transaction" : "/cgi-bin/reservations.pl-22",
    "sampleCount" : 426,
    "errorCount" : 0,
    "errorPct" : 0.0,
    "meanResTime" : 1602.589201877935,
    "medianResTime" : 1670.0,
    "minResTime" : 160.0,
    "maxResTime" : 2821.0,
    "pct1ResTime" : 2173.9,
    "pct2ResTime" : 2283.65,
    "pct3ResTime" : 2626.73,
    "throughput" : 5.638276752034941,
    "receivedKBytesPerSec" : 15.55481623486202,
    "sentKBytesPerSec" : 5.367778439547349
  },
  "Reservation" : {
    "transaction" : "Reservation",
    "sampleCount" : 426,
    "errorCount" : 0,
    "errorPct" : 0.0,
    "meanResTime" : 1602.589201877935,
    "medianResTime" : 1670.0,
    "minResTime" : 160.0,
    "maxResTime" : 2821.0,
    "pct1ResTime" : 2173.9,
    "pct2ResTime" : 2283.65,
    "pct3ResTime" : 2626.73,
    "throughput" : 5.6383513778224845,
    "receivedKBytesPerSec" : 15.555022111668475,
    "sentKBytesPerSec" : 5.367849485136459
  },
  "/cgi-bin/login.pl-13" : {
    "transaction" : "/cgi-bin/login.pl-13",
    "sampleCount" : 200,
    "errorCount" : 0,
    "errorPct" : 0.0,
    "meanResTime" : 1508.45,
    "medianResTime" : 1510.5,
    "minResTime" : 853.0,
    "maxResTime" : 2279.0,
    "pct1ResTime" : 1864.2,
    "pct2ResTime" : 1978.9999999999998,
    "pct3ResTime" : 2157.6400000000003,
    "throughput" : 1.9735933213602006,
    "receivedKBytesPerSec" : 1.994928944472952,
    "sentKBytesPerSec" : 1.3973194902208452
  },
  "/cgi-bin/nav.pl-17" : {
    "transaction" : "/cgi-bin/nav.pl-17",
    "sampleCount" : 300,
    "errorCount" : 0,
    "errorPct" : 0.0,
    "meanResTime" : 1599.0566666666668,
    "medianResTime" : 1594.5,
    "minResTime" : 708.0,
    "maxResTime" : 2625.0,
    "pct1ResTime" : 2032.5000000000002,
    "pct2ResTime" : 2143.65,
    "pct3ResTime" : 2416.3500000000004,
    "throughput" : 3.7627463031017574,
    "receivedKBytesPerSec" : 6.426800082153294,
    "sentKBytesPerSec" : 1.9401660625368435
  },
  "/cgi-bin/nav.pl-25" : {
    "transaction" : "/cgi-bin/nav.pl-25",
    "sampleCount" : 100,
    "errorCount" : 0,
    "errorPct" : 0.0,
    "meanResTime" : 1591.3300000000004,
    "medianResTime" : 1608.5,
    "minResTime" : 926.0,
    "maxResTime" : 2226.0,
    "pct1ResTime" : 1897.1000000000001,
    "pct2ResTime" : 2123.749999999998,
    "pct3ResTime" : 2225.47,
    "throughput" : 1.5949217690872262,
    "receivedKBytesPerSec" : 2.9385031808721034,
    "sentKBytesPerSec" : 0.7990184253337375
  },
  "/cgi-bin/nav.pl-15" : {
    "transaction" : "/cgi-bin/nav.pl-15",
    "sampleCount" : 200,
    "errorCount" : 0,
    "errorPct" : 0.0,
    "meanResTime" : 1507.25,
    "medianResTime" : 1539.5,
    "minResTime" : 590.0,
    "maxResTime" : 2415.0,
    "pct1ResTime" : 1950.3,
    "pct2ResTime" : 2078.3999999999996,
    "pct3ResTime" : 2392.3700000000017,
    "throughput" : 1.98400888835982,
    "receivedKBytesPerSec" : 3.388818931908815,
    "sentKBytesPerSec" : 0.990066935499871
  },
  "Registration" : {
    "transaction" : "Registration",
    "sampleCount" : 100,
    "errorCount" : 0,
    "errorPct" : 0.0,
    "meanResTime" : 2103.52,
    "medianResTime" : 2150.5,
    "minResTime" : 1056.0,
    "maxResTime" : 3743.0,
    "pct1ResTime" : 2690.2,
    "pct2ResTime" : 2729.1,
    "pct3ResTime" : 3734.5899999999956,
    "throughput" : 1.6725484620916893,
    "receivedKBytesPerSec" : 4.70249086893074,
    "sentKBytesPerSec" : 1.2396948801200889
  },
  "/cgi-bin/nav.pl-12" : {
    "transaction" : "/cgi-bin/nav.pl-12",
    "sampleCount" : 200,
    "errorCount" : 0,
    "errorPct" : 0.0,