{
  "Reservation" : {
    "transaction" : "Reservation",
    "sampleCount" : 5,
    "errorCount" : 0,
    "errorPct" : 0.0,
    "meanResTime" : 1077.6,
    "medianResTime" : 1040.0,
    "minResTime" : 1003.0,
    "maxResTime" : 1213.0,
    "pct1ResTime" : 1213.0,
    "pct2ResTime" : 1213.0,
    "pct3ResTime" : 1213.0,
    "throughput" : 4.074979625101874,
    "receivedKBytesPerSec" : 12.47962510187449,
    "sentKBytesPerSec" : 4.910668806030969
  },
  "/-18" : {
    "transaction" : "/-18",
    "sampleCount" : 5,
    "errorCount" : 0,
    "errorPct" : 0.0,
    "meanResTime" : 2156.4,
    "medianResTime" : 2148.0,
    "minResTime" : 1708.0,
    "maxResTime" : 2521.0,
    "pct1ResTime" : 2521.0,
    "pct2ResTime" : 2521.0,
    "pct3ResTime" : 2521.0,
    "throughput" : 1.9833399444664814,
    "receivedKBytesPerSec" : 2.564396568821896,
    "sentKBytesPerSec" : 0.6546571301071004
  },
  "Total" : {
    "transaction" : "Total",
    "sampleCount" : 20,
    "errorCount" : 0,
    "errorPct" : 0.0,
    "meanResTime" : 1039.6499999999999,
    "medianResTime" : 761.5,
    "minResTime" : 471.0,
    "maxResTime" : 2521.0,
    "pct1ResTime" : 2429.7000000000007,
    "pct2ResTime" : 2518.0,
    "pct3ResTime" : 2521.0,
    "throughput" : 3.5733428622476326,
    "receivedKBytesPerSec" : 5.141042355279613,
    "sentKBytesPerSec" : 1.8224397556726817
  },
  "/confirmation.php-26" : {
    "transaction" : "/confirmation.php-26",
    "sampleCount" : 5,
    "errorCount" : 0,
    "errorPct" : 0.0,
    "meanResTime" : 536.4,
    "medianResTime" : 495.0,
    "minResTime" : 471.0,
    "maxResTime" : 677.0,
    "pct1ResTime" : 677.0,
    "pct2ResTime" : 677.0,
    "pct3ResTime" : 677.0,
    "throughput" : 6.045949214026602,
    "receivedKBytesPerSec" : 8.668615855501814,
    "sentKBytesPerSec" : 3.9086116989117294
  },
  "/purchase.php-25" : {
    "transaction" : "/purchase.php-25",
    "sampleCount" : 5,
    "errorCount" : 0,
    "errorPct" : 0.0,
    "meanResTime" : 541.2,
    "medianResTime" : 545.0,
    "minResTime" : 532.0,
    "maxResTime" : 547.0,
    "pct1ResTime" : 547.0,
    "pct2ResTime" : 547.0,
    "pct3ResTime" : 547.0,
    "throughput" : 7.429420505200594,
    "receivedKBytesPerSec" : 12.100378436106983,
    "sentKBytesPerSec" : 4.150027860326894
  },
  "/reserve.php-24" : {
    "transaction" : "/reserve.php-24",
    "sampleCount" : 5,
    "errorCount" : 0,
    "errorPct" : 0.0,
    "meanResTime" : 924.6,
    "medianResTime" : 938.0,
    "minResTime" : 846.0,
    "maxResTime" : 989.0,
    "pct1ResTime" : 989.0,
    "pct2ResTime" : 989.0,
    "pct3ResTime" : 989.0,
    "throughput" : 5.055611729019211,
    "receivedKBytesPerSec" : 7.074894148129424,
    "sentKBytesPerSec" : 2.5524914686552074
  }
}