{
  "All Pages" : {
    "transaction" : "All Pages",
    "sampleCount" : 1,
    "errorCount" : 0,
    "errorPct" : 0.0,
    "meanResTime" : 2367.0,
    "medianResTime" : 2367.0,
    "minResTime" : 2367.0,
    "maxResTime" : 2367.0,
    "pct1ResTime" : 2367.0,
    "pct2ResTime" : 2367.0,
    "pct3ResTime" : 2367.0,
    "throughput" : 0.4224757076468103,
    "receivedKBytesPerSec" : 5.881653992395437,
    "sentKBytesPerSec" : 0.0981925961132235
  },
  "Total" : {
    "transaction" : "Total",
    "sampleCount" : 9,
    "errorCount" : 0,
    "errorPct" : 0.0,
    "meanResTime" : 811.6666666666666,
    "medianResTime" : 490.0,
    "minResTime" : 137.0,
    "maxResTime" : 2367.0,
    "pct1ResTime" : 2367.0,
    "pct2ResTime" : 2367.0,
    "pct3ResTime" : 2367.0,
    "throughput" : 2.4456521739130435,
    "receivedKBytesPerSec" : 151.73021399456522,
    "sentKBytesPerSec" : 0.42246942934782605
  },
  "recruiter" : {
    "transaction" : "recruiter",
    "sampleCount" : 1,
    "errorCount" : 0,
    "errorPct" : 0.0,
    "meanResTime" : 460.0,
    "medianResTime" : 460.0,
    "minResTime" : 460.0,
    "maxResTime" : 460.0,
    "pct1ResTime" : 460.0,
    "pct2ResTime" : 460.0,
    "pct3ResTime" : 460.0,
    "throughput" : 2.1739130434782608,
    "receivedKBytesPerSec" : 130.68529211956522,
    "sentKBytesPerSec" : 0.6114130434782609
  },
  "recruiter-0" : {
    "transaction" : "recruiter-0",
    "sampleCount" : 1,
    "errorCount" : 0,
    "errorPct" : 0.0,
    "meanResTime" : 137.0,
    "medianResTime" : 137.0,
    "minResTime" : 137.0,
    "maxResTime" : 137.0,
    "pct1ResTime" : 137.0,
    "pct2ResTime" : 137.0,
    "pct3ResTime" : 137.0,
    "throughput" : 7.299270072992701,
    "receivedKBytesPerSec" : 3.7066605839416056,
    "sentKBytesPerSec" : 1.0264598540145984
  },
  "recruiter-1" : {
    "transaction" : "recruiter-1",
    "sampleCount" : 1,
    "errorCount" : 0,
    "errorPct" : 0.0,
    "meanResTime" : 322.0,
    "medianResTime" : 322.0,
    "minResTime" : 322.0,
    "maxResTime" : 322.0,
    "pct1ResTime" : 322.0,
    "pct2ResTime" : 322.0,
    "pct3ResTime" : 322.0,
    "throughput" : 3.105590062111801,
    "receivedKBytesPerSec" : 185.1162170031056,
    "sentKBytesPerSec" : 0.43672360248447206
  },
  "company" : {
    "transaction" : "company",
    "sampleCount" : 1,
    "errorCount" : 0,
    "errorPct" : 0.0,
    "meanResTime" : 829.0,
    "medianResTime" : 829.0,
    "minResTime" : 829.0,
    "maxResTime" : 829.0,
    "pct1ResTime" : 829.0,
    "pct2ResTime" : 829.0,
    "pct3ResTime" : 829.0,
    "throughput" : 1.2062726176115801,
    "receivedKBytesPerSec" : 247.4625867008444,
    "sentKBytesPerSec" : 0.3180601628468034
  },
  "company-0" : {
    "transaction" : "company-0",
    "sampleCount" : 1,
    "errorCount" : 0,
    "errorPct" : 0.0,
    "meanResTime" : 149.0,
    "medianResTime" : 149.0,
    "minResTime" : 149.0,
    "maxResTime" : 149.0,
    "pct1ResTime" : 149.0,
    "pct2ResTime" : 149.0,
    "pct3ResTime" : 149.0,
    "throughput" : 6.7114093959731544,
    "receivedKBytesPerSec" : 3.3491505872483223,
    "sentKBytesPerSec" : 0.8848049496644296
  },
  "company-1" : {
    "transaction" : "company-1",
    "sampleCount" : 1,
    "errorCount" : 0,
    "errorPct" : 0.0,
    "meanResTime" : 680.0,
    "medianResTime" : 680.0,
    "minResTime" : 680.0,
    "maxResTime" : 680.0,
    "pct1ResTime" : 680.0,
    "pct2ResTime" : 680.0,
    "pct3ResTime" : 680.0,
    "throughput" : 1.4705882352941175,
    "receivedKBytesPerSec" : 300.9521484375,
    "sentKBytesPerSec" : 0.19387637867647056
  },
  "All Pages-1" : {
    "transaction" : "All Pages-1",
    "sampleCount" : 1,
    "errorCount" : 0,
    "errorPct" : 0.0,
    "meanResTime" : 1871.0,
    "medianResTime" : 1871.0,
    "minResTime" : 1871.0,
    "maxResTime" : 1871.0,
    "pct1ResTime" : 1871.0,
    "pct2ResTime" : 1871.0,
    "pct3ResTime" : 1871.0,
    "throughput" : 0.5344735435595938,
    "receivedKBytesPerSec" : 7.182510188401924,
    "sentKBytesPerSec" : 0.062111671566007484
  },
  "All Pages-0" : {
    "transaction" : "All Pages-0",
    "sampleCount" : 1,
    "errorCount" : 0,
    "errorPct" : 0.0,
    "meanResTime" : 490.0,
    "medianResTime" : 490.0,
    "minResTime" : 490.0,
    "maxResTime" : 490.0,
    "pct1ResTime" : 490.0,
    "pct2ResTime" : 490.0,
    "pct3ResTime" : 490.0,
    "throughput" : 2.0408163265306123,
    "receivedKBytesPerSec" : 0.9865274234693878,
    "sentKBytesPerSec" : 0.23716517857142858
  }
}